ID,label,confidence,prob_human,prob_machine
2005,1,0.8847628132719162,0.11523718672808377,0.8847628132719162
2384,0,0.8951059875737296,0.8951059875737296,0.10489401242627032
3526,0,0.9335391490835744,0.9335391490835744,0.06646085091642571
3926,0,0.9015525946620979,0.9015525946620979,0.0984474053379022
7222,0,0.7964356958144525,0.7964356958144525,0.20356430418554738
7420,0,0.873281017130601,0.873281017130601,0.12671898286939884
9627,1,0.9915914198629093,0.008408580137090806,0.9915914198629093
9859,0,0.9314713334736712,0.9314713334736712,0.0685286665263287
11611,0,0.9318387380224887,0.9318387380224887,0.06816126197751125
11631,1,0.9883048360375426,0.011695163962457419,0.9883048360375426
12842,1,0.8791881585611382,0.12081184143886171,0.8791881585611382
16208,0,0.911799645085329,0.911799645085329,0.08820035491467099
20175,1,0.7993930071300138,0.20060699286998598,0.7993930071300138
22550,1,0.9522338320423467,0.04776616795765334,0.9522338320423467
24365,0,0.8706768468747751,0.8706768468747751,0.12932315312522494
24471,1,0.9635623283384674,0.0364376716615325,0.9635623283384674
25195,0,0.9241699963051676,0.9241699963051676,0.07583000369483239
26618,0,0.8477948504259354,0.8477948504259354,0.1522051495740644
27672,1,0.9627791604339189,0.03722083956608109,0.9627791604339189
27765,0,0.9316807040718768,0.9316807040718768,0.0683192959281233
29187,0,0.9372641170794299,0.9372641170794299,0.06273588292057021
29265,1,0.9308207284425741,0.06917927155742552,0.9308207284425741
29557,0,0.9297762276802404,0.9297762276802404,0.07022377231975957
30325,1,0.9927832791859214,0.007216720814078637,0.9927832791859214
32634,0,0.6351043044241963,0.6351043044241963,0.36489569557580365
34564,0,0.690149003581452,0.690149003581452,0.3098509964185479
34914,0,0.8949153808537424,0.8949153808537424,0.1050846191462575
37048,1,0.8333600113037992,0.1666399886962007,0.8333600113037992
37637,1,0.9841586341165477,0.015841365883452384,0.9841586341165477
40763,0,0.9119271842438371,0.9119271842438371,0.08807281575616298
40811,1,0.978096183631875,0.021903816368124846,0.978096183631875
40960,1,0.8154403692616006,0.18455963073839934,0.8154403692616006
41003,0,0.652595498124943,0.652595498124943,0.34740450187505695
41695,1,0.9931174022821043,0.0068825977178957306,0.9931174022821043
42119,1,0.8148541753175117,0.1851458246824884,0.8148541753175117
43766,1,0.9041493313090593,0.0958506686909409,0.9041493313090593
44465,0,0.960478578663054,0.960478578663054,0.03952142133694601
45286,1,0.9741202192293758,0.02587978077062408,0.9741202192293758
46060,1,0.7077905865165586,0.2922094134834412,0.7077905865165586
47638,1,0.7305669079962248,0.26943309200377535,0.7305669079962248
49171,0,0.9330354098880882,0.9330354098880882,0.06696459011191198
52069,1,0.9621939801273464,0.03780601987265367,0.9621939801273464
52495,0,0.9371378395847282,0.9371378395847282,0.06286216041527173
52813,0,0.7342775217040417,0.7342775217040417,0.2657224782959586
53023,0,0.9218921863982269,0.9218921863982269,0.07810781360177299
54161,1,0.9950286883994085,0.0049713116005915435,0.9950286883994085
54501,1,0.9321944894638535,0.06780551053614638,0.9321944894638535
54592,1,0.8698067890857502,0.13019321091424976,0.8698067890857502
55962,0,0.5688536686470105,0.5688536686470105,0.4311463313529895
56734,1,0.6542079520854704,0.34579204791452955,0.6542079520854704
57953,1,0.7985643429954927,0.2014356570045073,0.7985643429954927
60411,1,0.9764141811082948,0.02358581889170515,0.9764141811082948
61101,0,0.6792358851962917,0.6792358851962917,0.32076411480370814
61216,1,0.9427314268456696,0.057268573154330656,0.9427314268456696
62543,0,0.920323191079269,0.920323191079269,0.07967680892073102
63903,0,0.9507079561932987,0.9507079561932987,0.04929204380670124
65509,0,0.9605301815846511,0.9605301815846511,0.03946981841534914
66116,0,0.9163280945795435,0.9163280945795435,0.0836719054204564
66230,0,0.8245340372415804,0.8245340372415804,0.17546596275841966
66275,0,0.8622947589909927,0.8622947589909927,0.13770524100900713
66613,1,0.9927280045272565,0.007271995472743331,0.9927280045272565
66670,1,0.895370802298216,0.10462919770178408,0.895370802298216
67989,1,0.9173557957548116,0.08264420424518829,0.9173557957548116
68018,1,0.9102824625383343,0.08971753746166562,0.9102824625383343
68563,0,0.8630726253748443,0.8630726253748443,0.1369273746251559
69638,1,0.6394008352220474,0.36059916477795273,0.6394008352220474
70259,1,0.7274693547775889,0.27253064522241105,0.7274693547775889
71098,0,0.8993612117294156,0.8993612117294156,0.10063878827058448
71275,1,0.9970812865014009,0.0029187134985990625,0.9970812865014009
71790,0,0.9598511955407284,0.9598511955407284,0.0401488044592715
75193,0,0.9685842565814745,0.9685842565814745,0.03141574341852548
75687,0,0.8161612310442959,0.8161612310442959,0.18383876895570395
76139,1,0.7881081888957793,0.2118918111042206,0.7881081888957793
78329,0,0.9720696080959644,0.9720696080959644,0.027930391904035724
79109,0,0.9593990677047817,0.9593990677047817,0.04060093229521829
79340,1,0.9035885918832189,0.09641140811678113,0.9035885918832189
79739,0,0.9914624828426436,0.9914624828426436,0.008537517157356457
80533,1,0.7056171765922735,0.29438282340772626,0.7056171765922735
83032,0,0.9518704359967068,0.9518704359967068,0.04812956400329304
83053,0,0.9109675895442807,0.9109675895442807,0.08903241045571923
83242,0,0.955724784145926,0.955724784145926,0.04427521585407393
83799,0,0.9170712109567204,0.9170712109567204,0.08292878904327956
84337,0,0.9462450924374416,0.9462450924374416,0.053754907562558345
84849,0,0.939094822358964,0.939094822358964,0.060905177641035986
85479,1,0.9920648743349002,0.007935125665099976,0.9920648743349002
85563,1,0.5819011760839119,0.41809882391608805,0.5819011760839119
86333,0,0.6801833598065051,0.6801833598065051,0.31981664019349476
86779,0,0.9073513407505516,0.9073513407505516,0.09264865924944832
87526,0,0.9705221205593845,0.9705221205593845,0.02947787944061558
88413,0,0.9578062615690746,0.9578062615690746,0.04219373843092538
91169,1,0.9446737858463402,0.055326214153659896,0.9446737858463402
96080,1,0.9610296046705337,0.03897039532946627,0.9610296046705337
97183,0,0.830650885422286,0.830650885422286,0.16934911457771396
97513,0,0.8752691970410967,0.8752691970410967,0.12473080295890322
97741,1,0.8539619316308178,0.14603806836918218,0.8539619316308178
98448,0,0.8705090937214406,0.8705090937214406,0.1294909062785594
99211,0,0.8575926127630336,0.8575926127630336,0.1424073872369663
99952,1,0.9975093932360206,0.0024906067639795734,0.9975093932360206
99965,0,0.9082105645965702,0.9082105645965702,0.09178943540342989
100340,0,0.7714164094482222,0.7714164094482222,0.22858359055177768
105118,0,0.9824181474732644,0.9824181474732644,0.01758185252673574
105361,0,0.9610220558763309,0.9610220558763309,0.03897794412366889
105731,1,0.9749107599307778,0.025089240069222127,0.9749107599307778
107250,0,0.9247171301129885,0.9247171301129885,0.07528286988701154
107490,0,0.9808799512979665,0.9808799512979665,0.019120048702033616
108421,0,0.9725734085552459,0.9725734085552459,0.027426591444754237
109842,1,0.9960072539160071,0.003992746083992752,0.9960072539160071
110309,1,0.8692378560279388,0.1307621439720613,0.8692378560279388
112049,1,0.9442232701862562,0.05577672981374394,0.9442232701862562
112458,1,0.9918931332157012,0.008106866784298774,0.9918931332157012
112761,1,0.9095483228465624,0.09045167715343753,0.9095483228465624
116870,0,0.9760197324057298,0.9760197324057298,0.02398026759427022
117043,1,0.7147933819563724,0.2852066180436276,0.7147933819563724
118062,0,0.9438593060638647,0.9438593060638647,0.056140693936135445
118378,0,0.9158964204640633,0.9158964204640633,0.08410357953593695
119037,1,0.9897145323508728,0.010285467649127354,0.9897145323508728
119378,0,0.8090971050803225,0.8090971050803225,0.1909028949196775
121290,1,0.986203227887732,0.013796772112268138,0.986203227887732
122252,0,0.7042045659468273,0.7042045659468273,0.2957954340531726
122453,1,0.7350604078264507,0.26493959217354934,0.7350604078264507
123770,0,0.9737520659842115,0.9737520659842115,0.02624793401578847
129053,1,0.7955948153535698,0.2044051846464302,0.7955948153535698
130454,1,0.980811725847091,0.019188274152909055,0.980811725847091
131597,1,0.9862878649333076,0.013712135066692457,0.9862878649333076
131700,1,0.7572494561757583,0.24275054382424163,0.7572494561757583
132729,1,0.5619906824957502,0.43800931750424965,0.5619906824957502
134061,1,0.7275966461461181,0.27240335385388187,0.7275966461461181
134442,1,0.9906490839609643,0.009350916039035663,0.9906490839609643
134871,1,0.9347201820242139,0.06527981797578603,0.9347201820242139
136424,1,0.6256996311011808,0.3743003688988193,0.6256996311011808
138480,1,0.8364494553877645,0.16355054461223542,0.8364494553877645
138544,1,0.8796540198265729,0.12034598017342711,0.8796540198265729
139336,0,0.5015176637977171,0.5015176637977171,0.4984823362022828
139588,1,0.7978236265951283,0.20217637340487163,0.7978236265951283
139789,1,0.9405437421289472,0.059456257871052694,0.9405437421289472
140214,1,0.7033892188878079,0.296610781112192,0.7033892188878079
140648,1,0.8543446637008371,0.1456553362991629,0.8543446637008371
141264,1,0.8335393586660306,0.16646064133396946,0.8335393586660306
141517,1,0.994790335827297,0.005209664172703022,0.994790335827297
141819,1,0.9388295254792931,0.061170474520707015,0.9388295254792931
143393,1,0.9224834570002823,0.07751654299971748,0.9224834570002823
145649,1,0.9715599087618854,0.028440091238114612,0.9715599087618854
145719,1,0.9181332891887206,0.0818667108112794,0.9181332891887206
148099,1,0.9895467069253684,0.010453293074631687,0.9895467069253684
148843,1,0.9295229166197309,0.07047708338026919,0.9295229166197309
151056,1,0.6423275485709633,0.3576724514290366,0.6423275485709633
155737,1,0.9859873077997299,0.014012692200270118,0.9859873077997299
156100,1,0.6672693736681169,0.33273062633188316,0.6672693736681169
158790,1,0.9190749387659602,0.0809250612340398,0.9190749387659602
159479,1,0.5079179683113364,0.4920820316886636,0.5079179683113364
161158,1,0.9865677730866577,0.013432226913342461,0.9865677730866577
161320,1,0.9436813695112495,0.056318630488750604,0.9436813695112495
163009,1,0.8265596074713123,0.17344039252868762,0.8265596074713123
163273,1,0.9266282051384498,0.07337179486155034,0.9266282051384498
163997,1,0.9629677407630973,0.03703225923690267,0.9629677407630973
164535,1,0.711540196367142,0.28845980363285806,0.711540196367142
165650,1,0.7953191071260409,0.20468089287395907,0.7953191071260409
166663,1,0.7971854298112415,0.2028145701887585,0.7971854298112415
167467,1,0.867806263822393,0.132193736177607,0.867806263822393
167637,1,0.6958660939477745,0.3041339060522253,0.6958660939477745
169811,1,0.9258354730819081,0.07416452691809192,0.9258354730819081
169837,1,0.9524872872866417,0.04751271271335832,0.9524872872866417
170927,1,0.8546357333004821,0.14536426669951802,0.8546357333004821
171233,1,0.7419516006542509,0.2580483993457492,0.7419516006542509
173578,1,0.9866476480057814,0.013352351994218664,0.9866476480057814
174274,1,0.5231223011257374,0.47687769887426246,0.5231223011257374
174607,1,0.844321743061022,0.1556782569389782,0.844321743061022
174791,1,0.6930444782971232,0.3069555217028767,0.6930444782971232
183815,1,0.9875155874198461,0.012484412580154,0.9875155874198461
184410,1,0.9632828407760899,0.036717159223910036,0.9632828407760899
185613,1,0.5965381005000244,0.40346189949997585,0.5965381005000244
185833,1,0.815690239301448,0.1843097606985519,0.815690239301448
186286,1,0.634992271733086,0.3650077282669139,0.634992271733086
186346,1,0.7815384363047712,0.21846156369522893,0.7815384363047712
189038,1,0.9854222107670213,0.014577789232978472,0.9854222107670213
189150,1,0.829822233440364,0.17017776655963623,0.829822233440364
189423,1,0.9612803858885487,0.0387196141114512,0.9612803858885487
190456,1,0.9913515012535571,0.008648498746442808,0.9913515012535571
190835,1,0.9024912542713032,0.09750874572869682,0.9024912542713032
191517,1,0.9692252391963251,0.03077476080367488,0.9692252391963251
193571,1,0.7954452078907859,0.20455479210921404,0.7954452078907859
195816,1,0.9887675142652831,0.011232485734716809,0.9887675142652831
199300,1,0.8224542561831049,0.1775457438168954,0.8224542561831049
199515,1,0.9251964047205893,0.07480359527941056,0.9251964047205893
199760,1,0.982421119866141,0.017578880133859123,0.982421119866141
200033,1,0.9921169411052442,0.00788305889475571,0.9921169411052442
200702,1,0.984597138569676,0.01540286143032396,0.984597138569676
201373,1,0.9922212069121166,0.007778793087883415,0.9922212069121166
201500,1,0.5431395032804652,0.4568604967195348,0.5431395032804652
202161,1,0.9900566197046548,0.009943380295345201,0.9900566197046548
202271,0,0.6819354037158144,0.6819354037158144,0.31806459628418565
203258,0,0.616401130705215,0.616401130705215,0.3835988692947851
203414,0,0.7024068770053095,0.7024068770053095,0.29759312299469043
203855,1,0.9516416455734755,0.04835835442652444,0.9516416455734755
204761,0,0.511542729489206,0.511542729489206,0.4884572705107941
205163,1,0.8777727383681787,0.12222726163182147,0.8777727383681787
205496,1,0.9935135395376521,0.006486460462347808,0.9935135395376521
206450,1,0.9890193197602272,0.010980680239772856,0.9890193197602272
207117,1,0.9832212794875176,0.01677872051248237,0.9832212794875176
208035,0,0.6219903124886634,0.6219903124886634,0.3780096875113366
212954,1,0.9932512778209072,0.0067487221790927246,0.9932512778209072
214339,1,0.9849397732053177,0.015060226794682377,0.9849397732053177
214598,1,0.8694827984374135,0.13051720156258653,0.8694827984374135
214985,1,0.9919067684468886,0.008093231553111263,0.9919067684468886
218009,1,0.9909935115373494,0.0090064884626506,0.9909935115373494
218026,1,0.9779746361094256,0.02202536389057448,0.9779746361094256
222425,1,0.9516968083670587,0.048303191632941174,0.9516968083670587
222849,1,0.973603085536849,0.02639691446315087,0.973603085536849
223435,1,0.9887343324021863,0.011265667597813589,0.9887343324021863
223446,0,0.6615442675873163,0.6615442675873163,0.3384557324126838
224187,1,0.6532289539125941,0.34677104608740583,0.6532289539125941
225870,1,0.9860965166327831,0.013903483367217022,0.9860965166327831
229656,1,0.9868060811348459,0.013193918865154084,0.9868060811348459
229657,1,0.9757009912088713,0.024299008791128476,0.9757009912088713
232103,1,0.9595751456285709,0.04042485437142901,0.9595751456285709
233786,1,0.9620041951292171,0.037995804870782926,0.9620041951292171
234835,1,0.9802064463575112,0.01979355364248905,0.9802064463575112
235266,1,0.9830116339857865,0.016988366014213562,0.9830116339857865
235501,1,0.9698916846109431,0.030108315389056856,0.9698916846109431
236290,1,0.9871449597970368,0.012855040202963108,0.9871449597970368
236340,1,0.9498621661706529,0.050137833829347174,0.9498621661706529
236920,1,0.9920745447269144,0.007925455273085568,0.9920745447269144
237647,1,0.9117699249008986,0.08823007509910137,0.9117699249008986
237859,1,0.961165904869168,0.03883409513083185,0.961165904869168
238678,1,0.9919166320299024,0.008083367970097424,0.9919166320299024
239494,1,0.9820282043676197,0.017971795632380244,0.9820282043676197
242008,1,0.989920515027876,0.010079484972123954,0.989920515027876
242635,1,0.9856110201224061,0.01438897987759369,0.9856110201224061
242676,1,0.9924266912701093,0.007573308729890507,0.9924266912701093
243686,1,0.875519070705412,0.12448092929458791,0.875519070705412
244344,1,0.9240630225530727,0.07593697744692729,0.9240630225530727
245677,1,0.9917706862852453,0.008229313714754697,0.9917706862852453
245830,1,0.6380402559166467,0.3619597440833533,0.6380402559166467
246013,1,0.9557347230466909,0.04426527695330901,0.9557347230466909
246785,1,0.9722372279350631,0.027762772064936946,0.9722372279350631
248454,1,0.9626133884454018,0.03738661155459816,0.9626133884454018
250049,1,0.7383181341466093,0.2616818658533906,0.7383181341466093
251851,0,0.8090825699994149,0.8090825699994149,0.19091743000058514
252182,1,0.9745687896785059,0.02543121032149402,0.9745687896785059
254212,1,0.9892626807053935,0.010737319294606458,0.9892626807053935
254861,1,0.9800781891573292,0.019921810842670796,0.9800781891573292
257349,0,0.9008133028645231,0.9008133028645231,0.09918669713547686
258732,1,0.781808552831067,0.2181914471689328,0.781808552831067
259046,1,0.8722360062009749,0.12776399379902517,0.8722360062009749
259811,1,0.5125223376269176,0.4874776623730825,0.5125223376269176
260544,1,0.6763731903520614,0.3236268096479385,0.6763731903520614
262959,1,0.9118747005510496,0.08812529944895035,0.9118747005510496
266436,1,0.8248499675013523,0.17515003249864747,0.8248499675013523
267076,1,0.988061050857462,0.011938949142537908,0.988061050857462
268445,1,0.9743139073674079,0.025686092632592056,0.9743139073674079
269607,0,0.6700655981471462,0.6700655981471462,0.3299344018528536
272812,1,0.9024578218521645,0.09754217814783549,0.9024578218521645
273397,1,0.694279251519561,0.30572074848043884,0.694279251519561
274953,1,0.9727380344869738,0.02726196551302615,0.9727380344869738
275659,1,0.5649393990086408,0.43506060099135935,0.5649393990086408
277529,1,0.6184523726986336,0.38154762730136654,0.6184523726986336
277953,1,0.6507795358163769,0.3492204641836231,0.6507795358163769
279226,1,0.9828762461342038,0.017123753865796097,0.9828762461342038
279909,1,0.9910920961577919,0.00890790384220804,0.9910920961577919
281861,1,0.9916908866864284,0.008309113313571476,0.9916908866864284
283130,1,0.9708976918696101,0.029102308130389873,0.9708976918696101
283385,1,0.8816664629823568,0.11833353701764308,0.8816664629823568
283415,1,0.6065290732205711,0.3934709267794288,0.6065290732205711
284939,1,0.9953169566798211,0.004683043320178722,0.9953169566798211
285060,1,0.9841247090517058,0.015875290948294103,0.9841247090517058
286549,1,0.989824463279063,0.0101755367209369,0.989824463279063
286665,1,0.9873585880506514,0.012641411949348556,0.9873585880506514
287592,0,0.730068800191019,0.730068800191019,0.2699311998089809
288204,1,0.9907753173563068,0.00922468264369313,0.9907753173563068
289541,1,0.8280364902346493,0.17196350976535058,0.8280364902346493
290087,1,0.5587161798562722,0.4412838201437279,0.5587161798562722
290871,1,0.9902637750973232,0.009736224902676836,0.9902637750973232
291200,1,0.9914678357973572,0.008532164202642849,0.9914678357973572
292440,1,0.9855679338485137,0.014432066151486183,0.9855679338485137
294380,1,0.9970817235596123,0.0029182764403875333,0.9970817235596123
299439,1,0.6399902839488952,0.3600097160511048,0.6399902839488952
299667,1,0.9807538235549812,0.019246176445018734,0.9807538235549812
299826,1,0.9916005068490348,0.008399493150965096,0.9916005068490348
300746,1,0.5034226648937244,0.4965773351062756,0.5034226648937244
302860,1,0.6233703947992766,0.37662960520072347,0.6233703947992766
304241,1,0.9385977216992757,0.0614022783007242,0.9385977216992757
305126,1,0.9898340026340041,0.010165997365995919,0.9898340026340041
305212,1,0.7693415515126941,0.23065844848730577,0.7693415515126941
305302,1,0.9330481730063934,0.06695182699360659,0.9330481730063934
305720,1,0.7699511399203732,0.23004886007962677,0.7699511399203732
308114,1,0.7936532612917411,0.20634673870825881,0.7936532612917411
309233,1,0.9699080228041481,0.030091977195851924,0.9699080228041481
309341,1,0.9087966464853773,0.09120335351462305,0.9087966464853773
309663,1,0.9773787591895284,0.02262124081047155,0.9773787591895284
309756,1,0.9586435278353731,0.041356472164626956,0.9586435278353731
311397,1,0.9537311649446621,0.04626883505533782,0.9537311649446621
313746,1,0.7368240767768145,0.2631759232231856,0.7368240767768145
314431,1,0.9898898688050926,0.010110131194907286,0.9898898688050926
315158,1,0.9533579998427789,0.046642000157220975,0.9533579998427789
315863,1,0.9885242198637778,0.011475780136221914,0.9885242198637778
316511,1,0.9105086364310614,0.0894913635689384,0.9105086364310614
317734,1,0.9872444271363029,0.012755572863696933,0.9872444271363029
320019,1,0.9897187570905507,0.010281242909449243,0.9897187570905507
321007,1,0.8698500366913202,0.13014996330867995,0.8698500366913202
321323,1,0.9827818581792518,0.01721814182074829,0.9827818581792518
324010,1,0.982895704702807,0.01710429529719287,0.982895704702807
325882,1,0.9450583445826187,0.05494165541738131,0.9450583445826187
326292,1,0.9881488568547404,0.011851143145259474,0.9881488568547404
326565,0,0.728965686308879,0.728965686308879,0.2710343136911209
329024,1,0.986035280708918,0.013964719291082029,0.986035280708918
332641,1,0.9358325850057557,0.06416741499424443,0.9358325850057557
333153,1,0.9857254879713951,0.01427451202860486,0.9857254879713951
333384,1,0.9899961398903155,0.010003860109684324,0.9899961398903155
333646,1,0.989788259420496,0.010211740579503966,0.989788259420496
335147,1,0.9795977416926814,0.02040225830731852,0.9795977416926814
336578,1,0.7499718047141303,0.2500281952858698,0.7499718047141303
337219,1,0.9940455978981105,0.005954402101889342,0.9940455978981105
338195,1,0.9821591389384564,0.0178408610615437,0.9821591389384564
338445,1,0.7896316081628895,0.21036839183711042,0.7896316081628895
339480,1,0.991730055549651,0.008269944450349108,0.991730055549651
340612,1,0.9869684564569856,0.013031543543014432,0.9869684564569856
341502,1,0.9560279234684425,0.04397207653155746,0.9560279234684425
342167,1,0.987314054582863,0.01268594541713699,0.987314054582863
342485,1,0.907130270320521,0.09286972967947903,0.907130270320521
344119,1,0.8166349828346041,0.18336501716539588,0.8166349828346041
345513,1,0.982213673898673,0.017786326101326837,0.982213673898673
346562,1,0.8029768909494965,0.19702310905050324,0.8029768909494965
348103,1,0.9597715065572677,0.04022849344273237,0.9597715065572677
350169,1,0.9864915418130672,0.013508458186932887,0.9864915418130672
350552,1,0.9888842881615427,0.011115711838457337,0.9888842881615427
351169,1,0.9866646915315499,0.01333530846844999,0.9866646915315499
351788,1,0.7021994879431107,0.2978005120568893,0.7021994879431107
352096,1,0.9893745513312138,0.010625448668786128,0.9893745513312138
352622,1,0.972833314783433,0.02716668521656701,0.972833314783433
353417,1,0.8760475410076655,0.12395245899233437,0.8760475410076655
354534,1,0.987246364816104,0.012753635183895898,0.987246364816104
356612,1,0.9899638448864243,0.010036155113575685,0.9899638448864243
357319,1,0.9773915517636581,0.022608448236342022,0.9773915517636581
363355,1,0.9830164725492238,0.016983527450776335,0.9830164725492238
366202,1,0.9895211933220635,0.010478806677936452,0.9895211933220635
367445,1,0.8503717681171197,0.14962823188288046,0.8503717681171197
369174,1,0.9871694409512187,0.012830559048781373,0.9871694409512187
369500,1,0.5327134631283693,0.46728653687163063,0.5327134631283693
369761,1,0.986515995736144,0.013484004263855912,0.986515995736144
370138,1,0.9896094730267042,0.010390526973295879,0.9896094730267042
370193,1,0.9803377522619815,0.019662247738018602,0.9803377522619815
370560,1,0.856385688634913,0.14361431136508704,0.856385688634913
370904,1,0.8408813436239496,0.1591186563760503,0.8408813436239496
371186,1,0.9828117971473671,0.017188202852632988,0.9828117971473671
372173,1,0.9874589792508389,0.012541020749160905,0.9874589792508389
372304,1,0.989291178750299,0.010708821249700821,0.989291178750299
372873,1,0.9825532093851365,0.017446790614863487,0.9825532093851365
373394,1,0.9497128475276783,0.05028715247232161,0.9497128475276783
375064,1,0.9583914189881352,0.04160858101186466,0.9583914189881352
375205,1,0.9589668261321188,0.0410331738678811,0.9589668261321188
377887,1,0.7531141590986336,0.24688584090136642,0.7531141590986336
378904,1,0.9910001396561555,0.00899986034384438,0.9910001396561555
381252,1,0.9833102043593137,0.016689795640686348,0.9833102043593137
382298,1,0.8349334332105541,0.16506656678944578,0.8349334332105541
382588,1,0.9925477721965056,0.0074522278034942395,0.9925477721965056
383258,1,0.9574138472455328,0.04258615275446707,0.9574138472455328
386265,1,0.9896909051851154,0.010309094814884434,0.9896909051851154
386839,1,0.9918602112417175,0.008139788758282458,0.9918602112417175
388823,1,0.7495133906840113,0.2504866093159886,0.7495133906840113
389002,1,0.9894973240049616,0.010502675995038444,0.9894973240049616
389542,1,0.9948792688671518,0.005120731132847989,0.9948792688671518
391084,1,0.8957690518387329,0.10423094816126714,0.8957690518387329
391369,1,0.9902323152564816,0.009767684743518284,0.9902323152564816
391433,1,0.6013733781113902,0.3986266218886098,0.6013733781113902
392735,1,0.972065674838352,0.027934325161648014,0.972065674838352
393028,1,0.9682160698813441,0.031783930118655865,0.9682160698813441
395209,1,0.9017859498141525,0.09821405018584732,0.9017859498141525
395651,1,0.7483834222415752,0.2516165777584248,0.7483834222415752
396977,1,0.9425702009631521,0.05742979903684772,0.9425702009631521
397226,1,0.9896284826337283,0.010371517366271786,0.9896284826337283
397521,1,0.8367203847504613,0.16327961524953868,0.8367203847504613
397985,1,0.9884222977729603,0.011577702227039651,0.9884222977729603
398057,1,0.992227199394874,0.007772800605126082,0.992227199394874
399176,1,0.7833306781933179,0.216669321806682,0.7833306781933179
400068,1,0.9911853912043361,0.008814608795663854,0.9911853912043361
400294,1,0.9859419082405593,0.014058091759440589,0.9859419082405593
400851,0,0.6387615492950179,0.6387615492950179,0.3612384507049822
401335,1,0.7477978118891732,0.25220218811082684,0.7477978118891732
401769,1,0.5432757638636113,0.4567242361363886,0.5432757638636113
405585,1,0.8782984753026032,0.12170152469739658,0.8782984753026032
409065,0,0.5633562825739892,0.5633562825739892,0.4366437174260107
410404,1,0.8101970083699559,0.18980299163004424,0.8101970083699559
410839,1,0.7192977150995304,0.2807022849004696,0.7192977150995304
411861,1,0.967647267989579,0.03235273201042078,0.967647267989579
412253,1,0.6351238291145367,0.3648761708854633,0.6351238291145367
414331,1,0.9033652893272354,0.09663471067276447,0.9033652893272354
415990,1,0.9864942313701303,0.013505768629869672,0.9864942313701303
416589,1,0.990733083653153,0.00926691634684688,0.990733083653153
422296,1,0.8969558616791223,0.10304413832087783,0.8969558616791223
422308,1,0.6541958337008429,0.34580416629915706,0.6541958337008429
422879,1,0.9781552277076672,0.02184477229233282,0.9781552277076672
423039,1,0.995251811945407,0.004748188054592893,0.995251811945407
423725,1,0.9753802854341297,0.024619714565870105,0.9753802854341297
423888,1,0.8913950801201773,0.10860491987982272,0.8913950801201773
424454,0,0.7215148773271878,0.7215148773271878,0.2784851226728122
425730,1,0.8474578439625103,0.1525421560374896,0.8474578439625103
426962,1,0.7028234261407156,0.29717657385928437,0.7028234261407156
428374,0,0.516433108114598,0.516433108114598,0.4835668918854021
428819,1,0.9644990572147645,0.0355009427852356,0.9644990572147645
429610,1,0.9884924185973684,0.011507581402631516,0.9884924185973684
430386,1,0.6932688529903738,0.3067311470096262,0.6932688529903738
430738,1,0.82403304661841,0.17596695338158996,0.82403304661841
432336,1,0.9874321131132141,0.012567886886785902,0.9874321131132141
432731,1,0.5058676491933883,0.4941323508066116,0.5058676491933883
434447,0,0.5228613250506811,0.5228613250506811,0.4771386749493191
437869,1,0.5943613784638626,0.4056386215361374,0.5943613784638626
438459,1,0.8487744445204025,0.15122555547959735,0.8487744445204025
439342,1,0.7182408146756819,0.28175918532431815,0.7182408146756819
439555,1,0.9920547432174556,0.007945256782544348,0.9920547432174556
439843,1,0.9912769145261094,0.008723085473890444,0.9912769145261094
440156,1,0.9090842975940987,0.0909157024059013,0.9090842975940987
441881,1,0.959928811129139,0.04007118887086119,0.959928811129139
443594,1,0.9901071836478931,0.009892816352106761,0.9901071836478931
446317,1,0.9815722834757071,0.018427716524292845,0.9815722834757071
446353,1,0.7185412325702148,0.28145876742978515,0.7185412325702148
447569,1,0.6984279734791602,0.30157202652083953,0.6984279734791602
449123,1,0.9504070630220198,0.04959293697798008,0.9504070630220198
450267,1,0.6550623075796608,0.34493769242033917,0.6550623075796608
452081,1,0.800456515743058,0.19954348425694213,0.800456515743058
453123,1,0.9962503800640966,0.0037496199359033666,0.9962503800640966
455245,1,0.9297950062257873,0.07020499377421276,0.9297950062257873
455630,1,0.9537270947037949,0.04627290529620495,0.9537270947037949
456848,1,0.9737959453345605,0.026204054665439416,0.9737959453345605
457243,1,0.6914531357615172,0.3085468642384828,0.6914531357615172
457781,1,0.9937758026224994,0.0062241973775004344,0.9937758026224994
458442,1,0.9795074456338776,0.020492554366122438,0.9795074456338776
459210,1,0.6745923569174933,0.32540764308250664,0.6745923569174933
459340,1,0.9967554264657336,0.0032445735342666216,0.9967554264657336
459836,1,0.5759284701914621,0.42407152980853785,0.5759284701914621
460092,1,0.9813449249719502,0.018655075028049774,0.9813449249719502
460412,1,0.8552086721639022,0.1447913278360978,0.8552086721639022
462351,1,0.8338111615393746,0.16618883846062543,0.8338111615393746
464909,1,0.5490966803605083,0.4509033196394916,0.5490966803605083
465699,0,0.5002009138540973,0.5002009138540973,0.49979908614590274
468354,1,0.6304044607470066,0.36959553925299343,0.6304044607470066
470743,1,0.9882753275498205,0.01172467245017939,0.9882753275498205
473061,1,0.8845723603410521,0.11542763965894792,0.8845723603410521
474370,1,0.9899533170891609,0.010046682910839046,0.9899533170891609
477281,1,0.9744461707886214,0.025553829211378692,0.9744461707886214
477827,1,0.9783940155840347,0.0216059844159653,0.9783940155840347
479195,1,0.8067037125897848,0.19329628741021518,0.8067037125897848
480003,1,0.8101901395838417,0.18980986041615847,0.8101901395838417
480157,1,0.7587303440578402,0.24126965594216,0.7587303440578402
480169,1,0.9854127721134179,0.014587227886582082,0.9854127721134179
480258,1,0.9217138844197351,0.07828611558026505,0.9217138844197351
481310,1,0.9856736377105447,0.014326362289455136,0.9856736377105447
482495,1,0.9803365539887491,0.019663446011250776,0.9803365539887491
483499,1,0.9897971141439309,0.010202885856069072,0.9897971141439309
483533,1,0.8308910040638305,0.16910899593616932,0.8308910040638305
484106,1,0.9701352972900715,0.029864702709928474,0.9701352972900715
484300,1,0.9881248668185019,0.01187513318149809,0.9881248668185019
488058,1,0.7231533503185594,0.2768466496814405,0.7231533503185594
489412,1,0.8317134288239384,0.16828657117606158,0.8317134288239384
490175,1,0.8366972721679913,0.1633027278320087,0.8366972721679913
490475,1,0.7535864561109719,0.24641354388902836,0.7535864561109719
491942,1,0.8493075269374778,0.1506924730625221,0.8493075269374778
493056,1,0.9766285078696223,0.023371492130377702,0.9766285078696223
493518,1,0.9012936994066489,0.09870630059335116,0.9012936994066489
494085,1,0.7770718603585066,0.2229281396414935,0.7770718603585066
494890,1,0.8983604220712978,0.10163957792870203,0.8983604220712978
496139,1,0.9460544915714407,0.053945508428559254,0.9460544915714407
497791,1,0.8260116285277173,0.17398837147228274,0.8260116285277173
498100,1,0.9909602007584656,0.009039799241534313,0.9909602007584656
501408,1,0.767312865272603,0.23268713472739702,0.767312865272603
503328,1,0.9790518390411841,0.020948160958815836,0.9790518390411841
503801,1,0.800632925466228,0.19936707453377192,0.800632925466228
505006,1,0.7800054471622003,0.21999455283779965,0.7800054471622003
505181,1,0.5443338831185562,0.45566611688144376,0.5443338831185562
507196,1,0.6610213361031698,0.3389786638968302,0.6610213361031698
507325,1,0.9012161288453608,0.09878387115463931,0.9012161288453608
509268,1,0.74951725231597,0.2504827476840299,0.74951725231597
509487,1,0.6403724607608575,0.35962753923914254,0.6403724607608575
509788,1,0.936121857013557,0.06387814298644302,0.936121857013557
514031,1,0.9912744846637179,0.00872551533628189,0.9912744846637179
516086,1,0.8529535924426762,0.14704640755732382,0.8529535924426762
517970,1,0.6684318773915544,0.3315681226084457,0.6684318773915544
519222,1,0.9749081500569883,0.025091849943011627,0.9749081500569883
520424,1,0.9861942279636686,0.013805772036331399,0.9861942279636686
521674,1,0.9928874657800325,0.007112534219967301,0.9928874657800325
522143,1,0.6625091448018381,0.3374908551981619,0.6625091448018381
524108,1,0.9920979783897937,0.00790202161020633,0.9920979783897937
525201,1,0.9700559146619612,0.029944085338038624,0.9700559146619612
525323,1,0.8615521135651819,0.13844788643481817,0.8615521135651819
526203,1,0.7879970581173414,0.21200294188265845,0.7879970581173414
526863,1,0.7814939199439738,0.2185060800560262,0.7814939199439738
527668,1,0.51479785261138,0.48520214738861994,0.51479785261138
529557,1,0.9938206695174635,0.006179330482536489,0.9938206695174635
530422,1,0.930258636172664,0.06974136382733616,0.930258636172664
530512,1,0.7516935877092799,0.24830641229072012,0.7516935877092799
536133,1,0.9739222202946108,0.026077779705389142,0.9739222202946108
537182,1,0.9324349117021503,0.06756508829784977,0.9324349117021503
538592,1,0.9811520441909979,0.018847955809001962,0.9811520441909979
540812,0,0.6143453712687853,0.6143453712687853,0.3856546287312146
542503,1,0.8504291021560929,0.14957089784390717,0.8504291021560929
545186,1,0.8013878290348216,0.19861217096517822,0.8013878290348216
545431,1,0.867372146856565,0.13262785314343495,0.867372146856565
546425,1,0.8888997282874941,0.11110027171250593,0.8888997282874941
552264,1,0.8543488390404667,0.14565116095953326,0.8543488390404667
555826,0,0.6212906876510489,0.6212906876510489,0.3787093123489511
555956,1,0.9493374808860359,0.05066251911396411,0.9493374808860359
557383,1,0.7900276679211397,0.20997233207886032,0.7900276679211397
557796,0,0.778572720391753,0.778572720391753,0.22142727960824704
557889,0,0.8639865441362877,0.8639865441362877,0.13601345586371236
563381,1,0.6474063718087596,0.35259362819124024,0.6474063718087596
564101,1,0.8960960820712726,0.1039039179287275,0.8960960820712726
566588,0,0.7307135031962616,0.7307135031962616,0.26928649680373834
566913,1,0.8669761770370165,0.1330238229629834,0.8669761770370165
567165,0,0.7227002858102495,0.7227002858102495,0.27729971418975047
568526,1,0.7343086650465954,0.2656913349534046,0.7343086650465954
568692,1,0.8747906930535896,0.12520930694641041,0.8747906930535896
568714,1,0.6744032831711738,0.3255967168288263,0.6744032831711738
570984,1,0.989950463640878,0.010049536359122105,0.989950463640878
571304,1,0.9760167488135592,0.023983251186440884,0.9760167488135592
571359,0,0.8007695499120026,0.8007695499120026,0.19923045008799742
573095,1,0.9460142366681296,0.05398576333187043,0.9460142366681296
576252,1,0.830563776864158,0.16943622313584195,0.830563776864158
577562,1,0.9941352183858356,0.005864781614164361,0.9941352183858356
579771,1,0.9942660349501704,0.0057339650498295855,0.9942660349501704
580521,1,0.9899062000313977,0.010093799968602183,0.9899062000313977
581902,1,0.8505836520626233,0.14941634793737663,0.8505836520626233
584066,1,0.9909705926611475,0.009029407338852422,0.9909705926611475
584216,1,0.982692933740256,0.017307066259743837,0.982692933740256
584299,1,0.6554724419780388,0.3445275580219613,0.6554724419780388
585728,1,0.9773062748961219,0.022693725103878046,0.9773062748961219
586144,1,0.9835861762413431,0.016413823758656652,0.9835861762413431
587090,1,0.9758119124641146,0.02418808753588551,0.9758119124641146
587625,1,0.9719498498197735,0.028050150180226562,0.9719498498197735
591069,1,0.9844647713396322,0.015535228660367821,0.9844647713396322
591318,1,0.898016878456929,0.10198312154307121,0.898016878456929
592737,1,0.9870023587398835,0.012997641260116391,0.9870023587398835
595696,1,0.681302148699033,0.318697851300967,0.681302148699033
595988,1,0.9827642516242312,0.01723574837576891,0.9827642516242312
596176,0,0.5201301420896669,0.5201301420896669,0.47986985791033304
597566,1,0.6712801590006864,0.3287198409993137,0.6712801590006864
598801,1,0.9513916921859703,0.04860830781402989,0.9513916921859703
598853,0,0.6069465222476998,0.6069465222476998,0.3930534777523003
599018,1,0.7762288839063105,0.22377111609368946,0.7762288839063105
600238,1,0.9785273721023094,0.021472627897690697,0.9785273721023094
601093,1,0.9683606620066167,0.031639337993383296,0.9683606620066167
601460,1,0.9731816151842851,0.026818384815714788,0.9731816151842851
601482,1,0.5747461665493881,0.4252538334506119,0.5747461665493881
604047,1,0.9879951270947634,0.012004872905236393,0.9879951270947634
604421,0,0.8950140147821314,0.8950140147821314,0.10498598521786873
604692,1,0.9786459459090371,0.021354054090962915,0.9786459459090371
607877,1,0.9821458408205381,0.017854159179461825,0.9821458408205381
608831,1,0.8711415572407267,0.1288584427592735,0.8711415572407267
609205,1,0.9588560063882507,0.04114399361174922,0.9588560063882507
610311,1,0.70982876958353,0.29017123041647,0.70982876958353
610795,1,0.837424736574218,0.16257526342578205,0.837424736574218
611182,1,0.9838360687692026,0.016163931230797273,0.9838360687692026
611440,1,0.8405359015133097,0.1594640984866903,0.8405359015133097
612619,1,0.9790837458191111,0.02091625418088877,0.9790837458191111
613558,1,0.9802198418040611,0.019780158195939018,0.9802198418040611
614912,1,0.9924217248092413,0.007578275190758686,0.9924217248092413
614980,1,0.9735412164996663,0.026458783500333805,0.9735412164996663
616197,1,0.9679205221624502,0.032079477837549684,0.9679205221624502
616233,1,0.9888456467733157,0.01115435322668438,0.9888456467733157
617889,1,0.9894155269035422,0.010584473096457847,0.9894155269035422
618439,1,0.9882951116121171,0.01170488838788293,0.9882951116121171
619051,1,0.9785121077303703,0.021487892269629733,0.9785121077303703
620102,1,0.8020218416822731,0.1979781583177271,0.8020218416822731
620590,1,0.5546320023182144,0.44536799768178553,0.5546320023182144
621760,1,0.9240273254607293,0.0759726745392707,0.9240273254607293
623291,1,0.8793264898563953,0.12067351014360478,0.8793264898563953
626482,1,0.9330447468532169,0.06695525314678294,0.9330447468532169
626710,1,0.6093925210577998,0.3906074789422002,0.6093925210577998
628331,1,0.8823758115258292,0.11762418847417096,0.8823758115258292
628405,1,0.9633439121917546,0.036656087808245516,0.9633439121917546
629059,1,0.9408398023694766,0.05916019763052333,0.9408398023694766
629121,1,0.9810551256522407,0.01894487434775925,0.9810551256522407
629590,1,0.5488731412519342,0.4511268587480659,0.5488731412519342
630897,0,0.6919649837467094,0.6919649837467094,0.3080350162532907
631102,1,0.8421901035322167,0.15780989646778332,0.8421901035322167
631249,1,0.9149956455565537,0.08500435444344627,0.9149956455565537
631811,1,0.9006552067538464,0.09934479324615376,0.9006552067538464
633020,1,0.5839429843823485,0.4160570156176515,0.5839429843823485
633612,1,0.9124651894103647,0.0875348105896353,0.9124651894103647
634438,1,0.9493021813839054,0.0506978186160948,0.9493021813839054
635606,1,0.9895845083431394,0.010415491656860591,0.9895845083431394
636612,1,0.7808134336484097,0.21918656635159037,0.7808134336484097
638098,1,0.9590644687759395,0.040935531224060455,0.9590644687759395
639785,1,0.9954261125344708,0.0045738874655291304,0.9954261125344708
640290,0,0.5450252111091552,0.5450252111091552,0.45497478889084464
640674,1,0.8298721619702357,0.17012783802976425,0.8298721619702357
643084,1,0.7380213669599763,0.26197863304002356,0.7380213669599763
643775,1,0.9933853229979345,0.0066146770020654,0.9933853229979345
643919,1,0.7940772296513274,0.20592277034867243,0.7940772296513274
644484,1,0.8069859811853947,0.19301401881460548,0.8069859811853947
646401,1,0.9667509989173958,0.03324900108260413,0.9667509989173958
646558,1,0.6522330457548593,0.34776695424514065,0.6522330457548593
647392,1,0.9923639938340644,0.007636006165935682,0.9923639938340644
648373,1,0.9909015493642589,0.00909845063574108,0.9909015493642589
655268,1,0.7153038322262857,0.2846961677737141,0.7153038322262857
655444,1,0.9926263661468808,0.0073736338531191535,0.9926263661468808
656563,1,0.9823088512529382,0.01769114874706168,0.9823088512529382
657371,1,0.9864426491691719,0.013557350830828103,0.9864426491691719
657824,1,0.8427593053310192,0.1572406946689807,0.8427593053310192
658062,1,0.6222295725025893,0.37777042749741074,0.6222295725025893
659610,1,0.7651957595992659,0.23480424040073436,0.7651957595992659
659785,0,0.7341560583070565,0.7341560583070565,0.2658439416929433
660788,1,0.9680885564648568,0.0319114435351432,0.9680885564648568
661509,1,0.8404524867190561,0.159547513280944,0.8404524867190561
661960,1,0.9758611490509602,0.02413885094903975,0.9758611490509602
662729,1,0.9570170426337188,0.04298295736628114,0.9570170426337188
663204,1,0.9861935599841968,0.01380644001580321,0.9861935599841968
664911,1,0.8843266256856595,0.11567337431434048,0.8843266256856595
665436,1,0.8346389817699418,0.1653610182300583,0.8346389817699418
665741,1,0.9882972112828189,0.011702788717181065,0.9882972112828189
667517,1,0.9929553604362233,0.0070446395637766305,0.9929553604362233
667779,1,0.953171565905745,0.046828434094254835,0.953171565905745
668199,1,0.9148665550080088,0.08513344499199098,0.9148665550080088
668209,1,0.9800782532821767,0.01992174671782339,0.9800782532821767
668468,1,0.5506532342026714,0.44934676579732863,0.5506532342026714
668477,1,0.7274662839022755,0.2725337160977245,0.7274662839022755
670004,1,0.6830687307202798,0.31693126927972004,0.6830687307202798
670049,1,0.9856344665063735,0.014365533493626577,0.9856344665063735
671365,1,0.8834863437181107,0.1165136562818892,0.8834863437181107
671587,1,0.9914266566020219,0.008573343397977917,0.9914266566020219
671934,0,0.5688703099675828,0.5688703099675828,0.4311296900324173
675453,1,0.9532990317377502,0.046700968262249766,0.9532990317377502
676521,1,0.8021299026702479,0.19787009732975203,0.8021299026702479
676561,1,0.9103061566856523,0.0896938433143477,0.9103061566856523
676843,0,0.81599780283394,0.81599780283394,0.18400219716605992
677095,1,0.9931800200161397,0.006819979983860097,0.9931800200161397
678146,1,0.9177813480902555,0.08221865190974458,0.9177813480902555
678744,0,0.7850424518696143,0.7850424518696143,0.21495754813038567
679587,1,0.8135374920193384,0.1864625079806614,0.8135374920193384
680491,0,0.6826571487736249,0.6826571487736249,0.3173428512263749
682336,1,0.9925172693974916,0.007482730602508318,0.9925172693974916
682663,1,0.8708956994985609,0.12910430050143915,0.8708956994985609
683587,1,0.9732076645533375,0.0267923354466625,0.9732076645533375
685299,1,0.9767987141080171,0.023201285891982847,0.9767987141080171
685567,1,0.9156793293310529,0.08432067066894715,0.9156793293310529
687503,1,0.9012087274762504,0.09879127252374975,0.9012087274762504
688444,1,0.9241868820749116,0.07581311792508826,0.9241868820749116
689642,1,0.6493745534926726,0.35062544650732735,0.6493745534926726
691689,1,0.9839028315849886,0.016097168415011437,0.9839028315849886
692661,0,0.5070403580904763,0.5070403580904763,0.4929596419095237
694890,1,0.9617354496677956,0.03826455033220464,0.9617354496677956
695084,1,0.9779089287631666,0.02209107123683332,0.9779089287631666
696063,1,0.8641445987125128,0.13585540128748722,0.8641445987125128
698251,1,0.8144558677117328,0.18554413228826716,0.8144558677117328
699818,1,0.5941373876725545,0.4058626123274454,0.5941373876725545
699847,1,0.799485338289675,0.20051466171032514,0.799485338289675
700148,1,0.9538899516870538,0.04611004831294623,0.9538899516870538
700410,1,0.9958533853831453,0.004146614616854683,0.9958533853831453
700758,0,0.5624667264960208,0.5624667264960208,0.4375332735039792
701036,1,0.9718332613719683,0.028166738628031568,0.9718332613719683
702530,1,0.8982502671228566,0.1017497328771431,0.8982502671228566
703398,1,0.8304365366328784,0.16956346336712144,0.8304365366328784
705995,1,0.9700919131018787,0.029908086898121227,0.9700919131018787
706557,1,0.9569616380031013,0.04303836199689871,0.9569616380031013
707740,1,0.7804749204715438,0.21952507952845624,0.7804749204715438
708160,1,0.5120126417627556,0.48798735823724443,0.5120126417627556
709687,1,0.9848733536511923,0.015126646348807555,0.9848733536511923
710068,1,0.5076901559371015,0.4923098440628984,0.5076901559371015
710521,0,0.760934979337136,0.760934979337136,0.23906502066286428
711736,1,0.9869180909614608,0.013081909038539168,0.9869180909614608
712184,0,0.6171621873587396,0.6171621873587396,0.38283781264126054
712454,0,0.8121009144563359,0.8121009144563359,0.1878990855436641
714609,1,0.8267952841680657,0.1732047158319342,0.8267952841680657
716940,1,0.728572256415671,0.27142774358432903,0.728572256415671
717860,1,0.8559269113114923,0.14407308868850785,0.8559269113114923
719720,1,0.6644879737451087,0.3355120262548912,0.6644879737451087
719942,1,0.944236726513113,0.05576327348688723,0.944236726513113
721927,1,0.9736054682733659,0.02639453172663428,0.9736054682733659
722644,1,0.9281627095142504,0.07183729048574967,0.9281627095142504
723603,1,0.9814814960141116,0.018518503985888404,0.9814814960141116
723982,0,0.6490889174375991,0.6490889174375991,0.35091108256240083
725304,1,0.9309749840749578,0.06902501592504222,0.9309749840749578
728638,0,0.6650082104761679,0.6650082104761679,0.33499178952383213
728959,1,0.7346491760400111,0.2653508239599887,0.7346491760400111
729310,1,0.7054658624389508,0.2945341375610492,0.7054658624389508
730117,0,0.6036520208190698,0.6036520208190698,0.3963479791809304
731285,0,0.5520293074077751,0.5520293074077751,0.44797069259222494
731353,1,0.6514510053365141,0.3485489946634859,0.6514510053365141
731760,1,0.8640292304676861,0.135970769532314,0.8640292304676861
732561,1,0.8673332906091428,0.13266670939085712,0.8673332906091428
733130,1,0.7675937869091009,0.23240621309089904,0.7675937869091009
734166,1,0.970521809473348,0.02947819052665202,0.970521809473348
735317,1,0.9836967006438265,0.016303299356173483,0.9836967006438265
735545,1,0.8217693844633539,0.17823061553664588,0.8217693844633539
735647,0,0.7133370989517459,0.7133370989517459,0.2866629010482543
736012,1,0.9027756332678151,0.09722436673218475,0.9027756332678151
737541,1,0.98613971248094,0.013860287519059966,0.98613971248094
738207,1,0.8591740283761684,0.14082597162383137,0.8591740283761684
739069,1,0.8420774342627085,0.15792256573729171,0.8420774342627085
739128,1,0.9363868200214419,0.06361317997855803,0.9363868200214419
739207,1,0.6861053753283306,0.3138946246716694,0.6861053753283306
739553,1,0.979301477409981,0.020698522590018968,0.979301477409981
742658,1,0.9901515213004854,0.009848478699514635,0.9901515213004854
743161,1,0.8702464508404737,0.12975354915952642,0.8702464508404737
744798,1,0.8730477718494138,0.12695222815058624,0.8730477718494138
744865,1,0.7690966220383769,0.2309033779616231,0.7690966220383769
745335,1,0.9707157938458394,0.029284206154160674,0.9707157938458394
745950,1,0.8595377908618259,0.14046220913817412,0.8595377908618259
747025,1,0.7681859200248541,0.2318140799751459,0.7681859200248541
750281,1,0.980514884030894,0.019485115969106123,0.980514884030894
751486,1,0.7785007139134787,0.22149928608652134,0.7785007139134787
753268,1,0.8004157904501715,0.19958420954982847,0.8004157904501715
753869,1,0.7889666396785184,0.21103336032148157,0.7889666396785184
756005,1,0.8053565367209519,0.1946434632790481,0.8053565367209519
756036,1,0.7076534381824816,0.29234656181751834,0.7076534381824816
756464,1,0.9800519795497199,0.01994802045028014,0.9800519795497199
757197,1,0.9555640589900474,0.044435941009952684,0.9555640589900474
757219,1,0.782139754131507,0.21786024586849276,0.782139754131507
757695,1,0.7722972657565973,0.22770273424340282,0.7722972657565973
757974,1,0.9875472784751,0.012452721524899941,0.9875472784751
763730,0,0.6677535198555051,0.6677535198555051,0.3322464801444949
764130,1,0.9947031491484012,0.00529685085159879,0.9947031491484012
764242,1,0.9719270751643215,0.02807292483567837,0.9719270751643215
766430,1,0.991996047192614,0.008003952807386132,0.991996047192614
766461,1,0.5325650582194688,0.46743494178053124,0.5325650582194688
767963,1,0.9864989105781269,0.013501089421873046,0.9864989105781269
768395,1,0.8547555676845237,0.1452444323154763,0.8547555676845237
769997,1,0.8659328529570557,0.13406714704294434,0.8659328529570557
770482,1,0.977094567404513,0.022905432595487208,0.977094567404513
770799,1,0.626314551812044,0.37368544818795596,0.626314551812044
772405,1,0.9861647252398923,0.013835274760107798,0.9861647252398923
773206,1,0.6687218456665632,0.3312781543334367,0.6687218456665632
775317,1,0.793884246566221,0.20611575343377905,0.793884246566221
776393,1,0.9853373942936634,0.014662605706336568,0.9853373942936634
777238,1,0.9284451641778885,0.07155483582211158,0.9284451641778885
778973,0,0.7929933937823321,0.7929933937823321,0.20700660621766798
780965,1,0.8865739584867661,0.11342604151323395,0.8865739584867661
781969,1,0.874839025704341,0.12516097429565878,0.874839025704341
782390,1,0.8991308956713913,0.10086910432860868,0.8991308956713913
782734,1,0.8722027176162369,0.12779728238376292,0.8722027176162369
785570,1,0.7830116261172271,0.21698837388277284,0.7830116261172271
786355,1,0.851621688396388,0.14837831160361184,0.851621688396388
786487,1,0.8035935307737612,0.19640646922623883,0.8035935307737612
788140,1,0.6163979800943092,0.3836020199056907,0.6163979800943092
788789,1,0.7673783940056316,0.23262160599436846,0.7673783940056316
789168,1,0.8764558272062288,0.12354417279377111,0.8764558272062288
789425,1,0.9818755381184903,0.018124461881509676,0.9818755381184903
790197,1,0.916647011690972,0.08335298830902799,0.916647011690972
792351,1,0.7808816653806199,0.21911833461938005,0.7808816653806199
793216,1,0.8477212712537212,0.15227872874627882,0.8477212712537212
794848,1,0.7498660031439394,0.2501339968560605,0.7498660031439394
797689,1,0.8079392441292086,0.19206075587079144,0.8079392441292086
798123,1,0.8689476270175988,0.13105237298240124,0.8689476270175988
798663,1,0.9412155493853502,0.05878445061464967,0.9412155493853502
800013,1,0.6269630708407391,0.37303692915926084,0.6269630708407391
800642,1,0.7990591536469976,0.20094084635300236,0.7990591536469976
800930,1,0.6170365622486748,0.38296343775132513,0.6170365622486748
801519,1,0.9204697114165326,0.07953028858346746,0.9204697114165326
802865,0,0.5648955462049152,0.5648955462049152,0.43510445379508483
803256,1,0.9451338154523485,0.054866184547651714,0.9451338154523485
805057,1,0.984140166518206,0.01585983348179396,0.984140166518206
805903,1,0.92543872044473,0.07456127955526991,0.92543872044473
808383,1,0.9743044822834568,0.025695517716543267,0.9743044822834568
809025,0,0.8873530153009418,0.8873530153009418,0.11264698469905826
813598,1,0.5630780191972186,0.4369219808027814,0.5630780191972186
814785,1,0.6925800024894633,0.3074199975105367,0.6925800024894633
815614,1,0.9566654541894078,0.0433345458105923,0.9566654541894078
817969,1,0.6168420183304156,0.3831579816695843,0.6168420183304156
818344,1,0.8142925896907841,0.18570741030921598,0.8142925896907841
818526,1,0.7960452761074951,0.20395472389250477,0.7960452761074951
819412,1,0.8665784059961825,0.13342159400381748,0.8665784059961825
821105,0,0.8097590210040474,0.8097590210040474,0.1902409789959525
821259,1,0.9885985823096698,0.011401417690330226,0.9885985823096698
823908,1,0.985087032844081,0.014912967155919115,0.985087032844081
825420,1,0.9896847248993992,0.010315275100600832,0.9896847248993992
825893,1,0.8550486371230445,0.14495136287695562,0.8550486371230445
826160,1,0.8535147249118756,0.14648527508812437,0.8535147249118756
826277,1,0.6114073008453698,0.3885926991546302,0.6114073008453698
826735,1,0.9856776545819237,0.014322345418076365,0.9856776545819237
826756,1,0.9112904454733849,0.08870955452661504,0.9112904454733849
827615,1,0.6548091130251639,0.34519088697483613,0.6548091130251639
829505,1,0.7399986350535417,0.2600013649464583,0.7399986350535417
830403,1,0.7570303996989131,0.24296960030108705,0.7570303996989131
831912,1,0.6694654101475449,0.33053458985245526,0.6694654101475449
835255,1,0.8730117736562327,0.12698822634376727,0.8730117736562327
835878,0,0.7466472323904737,0.7466472323904737,0.25335276760952624
836974,1,0.7784850640769537,0.22151493592304636,0.7784850640769537
838964,0,0.7312043127940924,0.7312043127940924,0.26879568720590746
839538,1,0.8450281468202455,0.15497185317975437,0.8450281468202455
839829,1,0.8942584804240409,0.10574151957595905,0.8942584804240409
840677,1,0.9880096284287397,0.0119903715712602,0.9880096284287397
841883,1,0.9864309827340308,0.013569017265969152,0.9864309827340308
842685,1,0.7697677729196227,0.23023222708037747,0.7697677729196227
845382,1,0.9874100760124694,0.012589923987530427,0.9874100760124694
845577,1,0.6983153647089847,0.30168463529101525,0.6983153647089847
846840,1,0.9840757362396815,0.015924263760318528,0.9840757362396815
849850,1,0.9906944238085696,0.009305576191430307,0.9906944238085696
849973,1,0.7462453202287763,0.25375467977122385,0.7462453202287763
850023,0,0.5978544785518579,0.5978544785518579,0.4021455214481422
850730,1,0.8011370112468995,0.19886298875310046,0.8011370112468995
855346,1,0.8399523881090838,0.16004761189091607,0.8399523881090838
855936,1,0.9699761561119944,0.030023843888005632,0.9699761561119944
856236,1,0.8255979664276568,0.17440203357234307,0.8255979664276568
856562,1,0.9368623723839743,0.06313762761602562,0.9368623723839743
858133,1,0.8393882469698047,0.16061175303019515,0.8393882469698047
858680,1,0.9683043884162342,0.03169561158376571,0.9683043884162342
861533,1,0.7252663412997177,0.2747336587002823,0.7252663412997177
862533,1,0.7901098170070519,0.20989018299294815,0.7901098170070519
862826,1,0.944605857769529,0.055394142230470934,0.944605857769529
862976,1,0.9879469494557765,0.012053050544223537,0.9879469494557765
864869,1,0.7807439538523201,0.21925604614767993,0.7807439538523201
865308,1,0.9900096552768017,0.009990344723198248,0.9900096552768017
866003,1,0.7167401647896972,0.2832598352103028,0.7167401647896972
868610,0,0.6313330271587193,0.6313330271587193,0.36866697284128075
868616,1,0.9869278456967123,0.013072154303287628,0.9869278456967123
870323,1,0.766615199247636,0.23338480075236412,0.766615199247636
870871,1,0.9814608843131974,0.018539115686802537,0.9814608843131974
872075,1,0.7231325881090233,0.27686741189097674,0.7231325881090233
873464,0,0.5449524989559718,0.5449524989559718,0.4550475010440282
875273,1,0.9879665275601303,0.012033472439869705,0.9879665275601303
876634,1,0.9839967985721634,0.016003201427836743,0.9839967985721634
878128,1,0.8841630024673565,0.11583699753264348,0.8841630024673565
880599,1,0.9444958383830593,0.05550416161694077,0.9444958383830593
880842,1,0.6604873511538676,0.3395126488461324,0.6604873511538676
881297,1,0.5975439231790223,0.4024560768209778,0.5975439231790223
884438,1,0.9649461733132295,0.03505382668677043,0.9649461733132295
886357,1,0.7640801971985746,0.23591980280142552,0.7640801971985746
887141,1,0.755137621720715,0.24486237827928503,0.755137621720715
887554,1,0.7085490826983524,0.29145091730164746,0.7085490826983524
887587,1,0.6152437586907525,0.3847562413092474,0.6152437586907525
890238,1,0.9886872650997329,0.011312734900267104,0.9886872650997329
893666,1,0.9939739484082405,0.006026051591759343,0.9939739484082405
893722,1,0.6483358530832352,0.3516641469167649,0.6483358530832352
899859,1,0.9794023444337366,0.020597655566263348,0.9794023444337366
900116,1,0.7459218416365477,0.2540781583634523,0.7459218416365477
901165,1,0.9795824361693057,0.020417563830694287,0.9795824361693057
903139,1,0.9839865052160631,0.016013494783936724,0.9839865052160631
903531,1,0.7259466700439633,0.27405332995603676,0.7259466700439633
904292,1,0.8031872070794271,0.19681279292057305,0.8031872070794271
906269,1,0.9940648748119584,0.005935125188041634,0.9940648748119584
906734,1,0.8969459125333429,0.1030540874666571,0.8969459125333429
907114,1,0.5981315225386706,0.4018684774613293,0.5981315225386706
910165,1,0.8055814518209243,0.19441854817907575,0.8055814518209243
911104,1,0.8929030249782999,0.10709697502170014,0.8929030249782999
911243,1,0.7843793238281872,0.21562067617181283,0.7843793238281872
911805,1,0.9718231291315189,0.028176870868481058,0.9718231291315189
912227,1,0.6450655750558908,0.35493442494410915,0.6450655750558908
913777,1,0.9474617557874335,0.05253824421256653,0.9474617557874335
915436,1,0.5566166613080944,0.4433833386919057,0.5566166613080944
915838,1,0.9781551188194921,0.021844881180507925,0.9781551188194921
916655,1,0.9062638942157023,0.09373610578429781,0.9062638942157023
916929,1,0.9921132077953504,0.007886792204649683,0.9921132077953504
916977,1,0.8216648533465415,0.17833514665345862,0.8216648533465415
919748,1,0.9759936799747496,0.024006320025250587,0.9759936799747496
921013,1,0.7339167322260076,0.2660832677739925,0.7339167322260076
922046,1,0.9130274742638775,0.08697252573612235,0.9130274742638775
922375,1,0.993092080256551,0.006907919743448816,0.993092080256551
923845,0,0.5252668579151261,0.5252668579151261,0.4747331420848739
925044,1,0.9533621577347505,0.0466378422652495,0.9533621577347505
925144,1,0.9821107417623343,0.017889258237665774,0.9821107417623343
927020,1,0.9334991367796905,0.06650086322030928,0.9334991367796905
927503,0,0.8534217642729923,0.8534217642729923,0.1465782357270077
927863,1,0.9805210477233572,0.019478952276642775,0.9805210477233572
928146,1,0.7896993226135041,0.21030067738649585,0.7896993226135041
930307,1,0.9797825669167186,0.020217433083281482,0.9797825669167186
932843,1,0.8258180329395811,0.17418196706041866,0.8258180329395811
934564,1,0.9920626652831684,0.00793733471683129,0.9920626652831684
934994,1,0.8461440268592183,0.1538559731407815,0.8461440268592183
936029,1,0.7959512546933794,0.20404874530662065,0.7959512546933794
937430,1,0.7344275591231474,0.26557244087685267,0.7344275591231474
939811,1,0.756763904169199,0.24323609583080086,0.756763904169199
940665,1,0.9480799108392084,0.05192008916079186,0.9480799108392084
940841,1,0.9752610990314142,0.024738900968585793,0.9752610990314142
941131,1,0.5277146448540719,0.4722853551459281,0.5277146448540719
941160,1,0.5499595043121753,0.4500404956878248,0.5499595043121753
942795,1,0.5356775160937534,0.46432248390624675,0.5356775160937534
943103,1,0.985530095384231,0.014469904615769061,0.985530095384231
943523,1,0.9881471010670193,0.011852898932980617,0.9881471010670193
945184,1,0.6194296727936645,0.38057032720633543,0.6194296727936645
945497,1,0.9870519671865235,0.012948032813476276,0.9870519671865235
948206,1,0.9861407036861619,0.013859296313837978,0.9861407036861619
948998,1,0.8596928644257965,0.14030713557420352,0.8596928644257965
953260,1,0.5333505950417151,0.46664940495828483,0.5333505950417151
954564,1,0.8815508969784283,0.1184491030215717,0.8815508969784283
954929,1,0.9700617519982764,0.029938248001723566,0.9700617519982764
956155,1,0.804000362691338,0.19599963730866218,0.804000362691338
958775,0,0.8774787317332547,0.8774787317332547,0.12252126826674543
959585,1,0.8103127296108146,0.18968727038918545,0.8103127296108146
960556,1,0.7373841683435326,0.2626158316564674,0.7373841683435326
961255,1,0.9940818435425908,0.005918156457409171,0.9940818435425908
962244,1,0.6759296018731614,0.32407039812683874,0.6759296018731614
962453,1,0.9837140330816659,0.016285966918334015,0.9837140330816659
962523,1,0.8346084540512164,0.1653915459487834,0.8346084540512164
964010,1,0.9864806137841602,0.013519386215839736,0.9864806137841602
964581,1,0.8758570372675067,0.12414296273249327,0.8758570372675067
964738,1,0.9490750213495008,0.05092497865049908,0.9490750213495008
965908,1,0.6753430837791116,0.32465691622088844,0.6753430837791116
965926,1,0.9426690957171427,0.05733090428285729,0.9426690957171427
966259,1,0.8784173976467403,0.1215826023532598,0.8784173976467403
966964,1,0.7824980046989952,0.2175019953010047,0.7824980046989952
966968,1,0.896210204028096,0.103789795971904,0.896210204028096
967090,1,0.6930405971759868,0.306959402824013,0.6930405971759868
967106,1,0.544371164853271,0.4556288351467292,0.544371164853271
967502,0,0.7142594768180643,0.7142594768180643,0.2857405231819356
971046,1,0.920571032180569,0.07942896781943118,0.920571032180569
971472,1,0.6633880776718084,0.33661192232819154,0.6633880776718084
973296,1,0.7872069424191338,0.2127930575808661,0.7872069424191338
973848,1,0.9618722313131117,0.03812776868688835,0.9618722313131117
974843,1,0.9158034059708839,0.08419659402911621,0.9158034059708839
975258,1,0.9438503433007273,0.05614965669927271,0.9438503433007273
976536,1,0.8660732003156646,0.13392679968433543,0.8660732003156646
977744,1,0.9877332287411095,0.0122667712588906,0.9877332287411095
979131,1,0.8501416095306653,0.14985839046933458,0.8501416095306653
979623,1,0.8684329483584278,0.13156705164157226,0.8684329483584278
980051,1,0.9635108499410453,0.03648915005895463,0.9635108499410453
980659,1,0.9843262235801925,0.015673776419807644,0.9843262235801925
981038,1,0.9540154111963798,0.0459845888036202,0.9540154111963798
983465,1,0.9771290212392097,0.02287097876079006,0.9771290212392097
983848,1,0.9144863927128091,0.08551360728719078,0.9144863927128091
983928,1,0.9850658855726341,0.01493411442736601,0.9850658855726341
985391,1,0.9891326614595268,0.010867338540473047,0.9891326614595268
985609,1,0.7344812159663384,0.2655187840336616,0.7344812159663384
987742,1,0.7648752161872925,0.2351247838127076,0.7648752161872925
989310,1,0.991992018175678,0.008007981824321983,0.991992018175678
992355,1,0.9922105308747868,0.007789469125213178,0.9922105308747868
992951,1,0.7305355641294491,0.2694644358705508,0.7305355641294491
993700,1,0.9100637808370343,0.08993621916296572,0.9100637808370343
995844,1,0.8612227955595556,0.13877720444044436,0.8612227955595556
1001834,1,0.8828955587525438,0.11710444124745638,0.8828955587525438
1003129,1,0.5223934761673248,0.47760652383267516,0.5223934761673248
1003421,0,0.6443803436572081,0.6443803436572081,0.35561965634279186
1003588,1,0.9871500447868935,0.012849955213106397,0.9871500447868935
1005244,1,0.971531490895166,0.028468509104833933,0.971531490895166
1006587,0,0.7984161276235069,0.7984161276235069,0.20158387237649314
1006639,1,0.8849538162598787,0.1150461837401212,0.8849538162598787
1011631,1,0.9533800147247481,0.046619985275252046,0.9533800147247481
1012364,0,0.6552524591702251,0.6552524591702251,0.3447475408297749
1012471,1,0.8581497217927341,0.14185027820726592,0.8581497217927341
1013000,1,0.9198614588394979,0.08013854116050222,0.9198614588394979
1014225,1,0.8859800134351139,0.11401998656488611,0.8859800134351139
1016181,0,0.6772723712567442,0.6772723712567442,0.3227276287432557
1022338,1,0.9833914308412898,0.016608569158710215,0.9833914308412898
1022956,1,0.678626930529195,0.3213730694708051,0.678626930529195
1024145,1,0.7689415516462255,0.23105844835377454,0.7689415516462255
1025823,1,0.8877972549001124,0.11220274509988758,0.8877972549001124
1026460,1,0.9829999479057095,0.017000052094290414,0.9829999479057095
1027021,1,0.9553903566626417,0.04460964333735829,0.9553903566626417
1027091,1,0.968073990987936,0.031926009012064084,0.968073990987936
1028203,1,0.8975705333973218,0.1024294666026782,0.8975705333973218
1030148,1,0.9504833244403196,0.049516675559680555,0.9504833244403196
1030578,1,0.7631739217178888,0.23682607828211133,0.7631739217178888
1031792,1,0.8140647645146126,0.18593523548538737,0.8140647645146126
1033257,1,0.989452752155204,0.010547247844795986,0.989452752155204
1033408,1,0.7639247689729514,0.23607523102704878,0.7639247689729514
1033877,1,0.9474618145656123,0.0525381854343878,0.9474618145656123
1034140,1,0.98690298568706,0.013097014312940157,0.98690298568706
1035383,1,0.9886917592440257,0.011308240755974206,0.9886917592440257
1035901,1,0.691560336287393,0.3084396637126069,0.691560336287393
1037962,1,0.9880554953559398,0.011944504644060236,0.9880554953559398
1041158,1,0.8294008568282648,0.17059914317173508,0.8294008568282648
1041772,1,0.8062376654518983,0.19376233454810168,0.8062376654518983
1042011,1,0.9888499788717574,0.011150021128242657,0.9888499788717574
1042971,1,0.991484145537343,0.008515854462656985,0.991484145537343
1044345,1,0.7630654223196922,0.23693457768030793,0.7630654223196922
1046803,1,0.89872281506953,0.1012771849304699,0.89872281506953
1047050,1,0.9869740649912205,0.0130259350087795,0.9869740649912205
1052650,1,0.9863869011936357,0.01361309880636423,0.9863869011936357
1052743,1,0.771609508349078,0.22839049165092196,0.771609508349078
1053187,1,0.6519779894416544,0.3480220105583456,0.6519779894416544
1053230,0,0.7599413748267327,0.7599413748267327,0.24005862517326718
1054262,1,0.8705618133129142,0.12943818668708587,0.8705618133129142
1054684,1,0.9029113890214325,0.09708861097856737,0.9029113890214325
1055324,1,0.9523106758419205,0.04768932415807953,0.9523106758419205
1056126,0,0.674117770826696,0.674117770826696,0.32588222917330406
1056811,1,0.8365437729948108,0.16345622700518914,0.8365437729948108
1056855,1,0.9926104552033829,0.007389544796617184,0.9926104552033829
1057718,1,0.7376011287331248,0.2623988712668752,0.7376011287331248
1059613,1,0.9897972826239383,0.010202717376061854,0.9897972826239383
1061521,1,0.9155996241599192,0.08440037584008069,0.9155996241599192
1061871,1,0.8491233297808565,0.1508766702191432,0.8491233297808565
1062308,1,0.5243132220981153,0.47568677790188474,0.5243132220981153
1065556,1,0.9082638049569721,0.09173619504302787,0.9082638049569721
1066474,1,0.9098983853639385,0.09010161463606164,0.9098983853639385
1068890,1,0.978962323979064,0.02103767602093605,0.978962323979064
1072337,1,0.8772899112596676,0.12271008874033223,0.8772899112596676
1073403,1,0.8338971965489992,0.1661028034510009,0.8338971965489992
1076234,1,0.8145656786141654,0.1854343213858348,0.8145656786141654
1077960,1,0.9866734466997418,0.013326553300258217,0.9866734466997418
1078016,0,0.5180913043255116,0.5180913043255116,0.4819086956744884
1080237,1,0.9739961669521392,0.026003833047860924,0.9739961669521392
1080313,1,0.9950380232145996,0.004961976785400442,0.9950380232145996
1082020,1,0.9708108084399258,0.0291891915600742,0.9708108084399258
1082450,1,0.9931882229411134,0.006811777058886588,0.9931882229411134
1088267,1,0.8640546505990078,0.13594534940099226,0.8640546505990078
1088623,1,0.9395373503626113,0.06046264963738865,0.9395373503626113
1090089,1,0.9550105377836191,0.04498946221638095,0.9550105377836191
1092922,1,0.9908614381782535,0.009138561821746499,0.9908614381782535
1093143,1,0.866366305451693,0.133633694548307,0.866366305451693
1093669,1,0.7579992952585591,0.24200070474144098,0.7579992952585591
1094551,1,0.8954314592175193,0.10456854078248079,0.8954314592175193
1095069,1,0.9051297812449709,0.09487021875502895,0.9051297812449709
1096166,1,0.9819769881511501,0.018023011848849985,0.9819769881511501
1097237,1,0.8316860459856933,0.16831395401430657,0.8316860459856933
1097341,1,0.5090216301954203,0.49097836980457976,0.5090216301954203
1097822,1,0.932158331144231,0.06784166885576899,0.932158331144231
1099175,1,0.7966261335345202,0.20337386646547997,0.7966261335345202
1101483,1,0.9389855782360407,0.061014421763959305,0.9389855782360407
1102578,1,0.8612862776385789,0.13871372236142102,0.8612862776385789
1102766,1,0.9861563095123396,0.013843690487660437,0.9861563095123396
1103412,1,0.9924357117333921,0.007564288266607928,0.9924357117333921
1104673,1,0.7921730338029285,0.2078269661970715,0.7921730338029285
1105460,1,0.8720786594757032,0.12792134052429682,0.8720786594757032
